age,weight,height,income_lpa,smoker,city,occupation,insurance_premium_category
56,69.3,175.6,7.45,False,Kolkata,Teacher,medium
46,98.6,158.6,12.83,False,Hyderabad,Doctor,medium
32,65.3,174.8,3.65,False,Bangalore,Doctor,low
60,90.9,176.0,13.85,False,Kolkata,Artist,medium
25,95.6,156.1,31.61,True,Mumbai,Analyst,high
38,85.7,152.5,22.16,False,Mumbai,Doctor,low
56,78.3,181.2,15.88,False,Delhi,Doctor,medium
36,74.7,168.4,16.75,False,Bangalore,Engineer,low
40,70.9,152.3,3.05,False,Delhi,Artist,low
28,105.8,189.8,14.09,False,Mumbai,Analyst,low
28,99.8,152.3,26.92,False,Pune,Artist,low
41,107.9,177.8,39.05,True,Mumbai,Doctor,high
53,57.5,189.3,34.34,False,Chennai,Doctor,medium
57,93.9,159.6,3.87,False,Kolkata,Doctor,medium
41,106.3,155.7,36.25,False,Pune,Lawyer,medium
20,60.9,154.9,31.98,False,Mumbai,Teacher,low
39,54.0,162.1,31.87,False,Hyderabad,Business,low
19,94.5,154.0,19.95,True,Hyderabad,Teacher,high
41,84.5,177.7,17.73,False,Delhi,Artist,low
61,100.5,152.5,14.21,False,Pune,Engineer,medium
47,58.4,170.4,5.43,True,Delhi,Business,medium
55,97.7,189.9,11.44,True,Kolkata,Engineer,high
19,62.1,182.6,12.12,True,Kolkata,Analyst,high
38,59.8,174.6,20.91,False,Chennai,Lawyer,low
50,59.9,162.3,30.66,True,Bangalore,Artist,medium
29,98.9,175.0,20.53,False,Delhi,Lawyer,low
39,89.9,171.1,5.14,False,Kolkata,Artist,low
61,81.4,167.0,38.44,False,Delhi,Engineer,low
42,71.5,155.2,37.88,False,Kolkata,Engineer,low
44,102.6,185.5,32.05,False,Mumbai,Engineer,low
59,73.5,168.0,39.68,False,Delhi,Artist,medium
45,99.0,157.8,23.15,False,Mumbai,Doctor,medium
33,76.3,164.7,38.62,False,Delhi,Engineer,low
32,72.6,166.6,5.8,False,Bangalore,Lawyer,low
64,77.8,183.1,16.53,False,Chennai,Analyst,medium
61,68.1,179.3,11.34,False,Hyderabad,Business,low
20,94.9,180.8,10.25,False,Hyderabad,Artist,low
54,80.2,150.4,8.21,True,Hyderabad,Lawyer,high
24,63.9,166.6,26.03,True,Mumbai,Teacher,medium
38,104.0,169.3,31.91,False,Pune,Analyst,low
26,73.0,150.8,24.4,False,Kolkata,Teacher,low
56,82.6,160.4,8.44,False,Hyderabad,Business,low
35,104.4,180.4,33.01,False,Bangalore,Doctor,medium
21,87.5,155.5,26.53,False,Hyderabad,Engineer,low
42,57.0,171.4,17.36,False,Delhi,Artist,low
31,106.4,158.6,27.94,False,Mumbai,Lawyer,low
26,87.7,150.5,12.62,False,Pune,Engineer,low
43,70.1,159.6,15.77,False,Delhi,Lawyer,low
19,58.4,189.0,36.95,False,Pune,Artist,low
37,97.6,182.1,13.75,True,Delhi,Teacher,high
45,87.2,188.4,20.39,True,Delhi,Engineer,high
64,82.0,169.5,35.94,False,Chennai,Business,medium
24,103.6,154.4,29.19,False,Chennai,Doctor,low
61,97.3,171.9,5.3,False,Kolkata,Business,medium
25,59.1,168.2,8.45,True,Mumbai,Doctor,medium
64,68.7,183.8,3.29,False,Bangalore,Analyst,medium
52,64.9,153.9,26.34,False,Bangalore,Lawyer,low
31,94.6,169.5,19.56,False,Bangalore,Engineer,low
34,52.0,156.0,7.97,False,Delhi,Engineer,low
53,84.2,163.0,38.44,False,Chennai,Analyst,low
57,95.7,179.5,22.6,False,Mumbai,Doctor,medium
21,102.6,169.0,11.95,False,Delhi,Teacher,low
19,70.5,165.0,21.52,True,Pune,Artist,medium
23,99.3,165.8,28.15,True,Chennai,Business,high
59,56.6,168.4,5.82,False,Chennai,Analyst,low
21,100.8,181.4,13.16,False,Hyderabad,Lawyer,low
46,57.6,185.7,32.86,False,Hyderabad,Analyst,medium
35,73.8,188.2,20.01,False,Mumbai,Business,low
43,97.8,181.5,23.22,False,Pune,Business,low
61,59.0,162.6,19.01,False,Mumbai,Lawyer,low
51,63.8,177.5,4.62,False,Mumbai,Lawyer,low
27,93.3,167.5,9.13,False,Delhi,Engineer,low
53,93.2,160.2,19.49,False,Kolkata,Business,low
31,88.5,183.6,10.74,False,Mumbai,Artist,low
48,91.6,151.5,4.85,False,Hyderabad,Artist,low
32,82.6,186.1,34.22,False,Kolkata,Doctor,low
25,65.1,168.5,39.3,True,Delhi,Analyst,medium
31,70.7,175.5,32.35,False,Kolkata,Lawyer,low
40,60.9,176.4,34.59,False,Bangalore,Engineer,low
57,104.5,185.8,11.95,True,Pune,Artist,high
38,85.0,175.5,38.54,False,Kolkata,Teacher,low
33,74.1,174.6,10.29,False,Mumbai,Engineer,low
62,77.7,152.7,38.2,True,Delhi,Engineer,high
35,106.8,170.7,39.81,False,Pune,Artist,low
64,59.2,156.0,29.33,False,Mumbai,Teacher,low
41,85.2,179.5,39.3,True,Pune,Doctor,high
43,80.4,170.5,24.07,False,Hyderabad,Artist,low
42,86.7,177.2,12.6,False,Bangalore,Teacher,medium
62,51.1,151.7,19.17,True,Hyderabad,Engineer,high
58,102.3,153.4,24.96,False,Mumbai,Teacher,medium
46,105.9,178.7,5.7,False,Mumbai,Engineer,medium
32,83.9,152.9,26.03,True,Mumbai,Analyst,medium
62,91.8,152.9,39.3,True,Chennai,Artist,high
18,105.3,150.5,10.03,False,Bangalore,Lawyer,low
42,92.4,188.3,32.33,False,Pune,Artist,low
24,59.2,179.5,36.59,False,Mumbai,Analyst,low
26,84.6,164.1,37.92,False,Mumbai,Business,low
41,86.4,161.9,38.53,False,Pune,Business,low
18,75.4,164.0,22.29,False,Hyderabad,Business,low
61,94.2,181.0,39.16,False,Hyderabad,Artist,medium
25,106.1,176.5,31.02,False,Mumbai,Doctor,low
41,105.5,157.4,8.98,False,Delhi,Artist,medium
28,77.1,157.0,20.65,True,Chennai,Analyst,high
34,56.8,153.9,29.58,True,Hyderabad,Analyst,medium
25,109.1,176.4,12.15,False,Delhi,Lawyer,low
52,100.3,180.6,26.7,False,Chennai,Teacher,low
52,57.5,160.6,27.66,False,Mumbai,Artist,low
50,105.3,150.8,9.02,False,Bangalore,Artist,medium
22,102.2,153.3,23.91,False,Kolkata,Engineer,low
59,81.1,188.7,31.55,False,Kolkata,Analyst,medium
56,85.5,161.8,21.46,False,Mumbai,Engineer,medium
58,73.9,180.8,3.45,False,Hyderabad,Engineer,high
45,53.3,175.0,3.33,False,Delhi,Artist,low
24,70.1,165.3,16.21,False,Bangalore,Doctor,low
26,98.2,158.2,37.27,False,Pune,Teacher,low
25,50.3,154.9,11.46,False,Chennai,Teacher,low
29,70.0,174.6,26.47,False,Mumbai,Analyst,low
51,73.9,181.0,11.22,False,Bangalore,Lawyer,medium
50,82.2,175.8,14.9,False,Bangalore,Analyst,low
40,105.2,171.2,34.38,True,Hyderabad,Doctor,high
41,70.8,151.7,29.97,False,Chennai,Doctor,low
54,70.8,188.7,6.53,False,Bangalore,Teacher,medium
52,94.3,181.9,18.86,False,Hyderabad,Business,medium
61,77.1,161.7,4.08,False,Delhi,Engineer,low
57,63.5,189.2,20.79,False,Hyderabad,Engineer,medium
39,77.1,174.1,27.51,False,Delhi,Teacher,low
44,58.5,173.3,7.38,False,Delhi,Analyst,low
52,60.6,179.9,13.69,False,Pune,Doctor,low
18,79.9,182.5,17.72,False,Pune,Analyst,low
52,75.1,176.3,37.02,False,Bangalore,Lawyer,low
54,104.9,155.1,39.75,False,Hyderabad,Business,medium
64,71.7,163.5,4.66,True,Pune,Teacher,high
31,84.8,187.1,31.16,False,Delhi,Engineer,low
20,87.9,159.0,16.75,False,Pune,Artist,low
18,50.8,164.9,17.52,False,Chennai,Analyst,low
22,89.8,167.3,30.91,True,Bangalore,Doctor,high
43,60.7,167.6,36.98,False,Hyderabad,Artist,medium
31,107.7,174.5,38.18,False,Hyderabad,Lawyer,low
56,58.9,187.7,24.35,True,Kolkata,Teacher,high
44,74.9,159.6,16.21,False,Hyderabad,Analyst,medium
26,55.1,154.9,32.14,False,Bangalore,Engineer,low
32,109.8,157.9,12.29,False,Chennai,Analyst,low
32,80.1,185.5,23.87,False,Hyderabad,Business,low
43,85.7,175.8,16.27,True,Kolkata,Artist,high
59,54.0,161.4,27.3,False,Bangalore,Business,low
30,95.0,182.6,11.89,True,Delhi,Lawyer,high
49,62.6,184.5,10.09,False,Mumbai,Engineer,low
56,103.9,183.9,36.97,False,Mumbai,Artist,medium
49,62.3,186.8,6.77,False,Delhi,Lawyer,low
21,61.4,160.1,21.72,True,Pune,Business,medium
47,52.2,180.2,11.17,False,Hyderabad,Business,low
54,78.3,168.4,4.44,False,Mumbai,Artist,medium
40,83.9,183.7,4.33,False,Pune,Engineer,low
56,53.9,179.1,9.48,False,Mumbai,Business,low
62,96.5,181.1,35.07,False,Delhi,Teacher,low
32,77.2,176.2,13.45,False,Hyderabad,Lawyer,low
60,81.5,157.1,38.17,False,Hyderabad,Artist,medium
46,76.4,171.8,24.52,False,Pune,Doctor,low
53,74.0,189.4,19.15,True,Delhi,Doctor,high
30,83.6,187.5,24.46,False,Pune,Engineer,low
49,59.3,151.7,22.12,False,Hyderabad,Teacher,low
24,60.9,156.6,31.07,False,Hyderabad,Business,low
39,101.7,155.3,13.45,False,Bangalore,Doctor,low
45,106.8,179.0,16.06,True,Pune,Engineer,high
19,72.4,182.7,36.08,False,Bangalore,Lawyer,medium
59,66.2,158.5,38.02,True,Delhi,Teacher,high
62,88.6,170.2,36.02,True,Chennai,Teacher,high
23,74.5,183.6,18.52,False,Mumbai,Analyst,low
45,51.5,179.3,31.87,True,Bangalore,Engineer,high
45,59.4,171.7,20.62,False,Mumbai,Engineer,medium
61,93.0,173.6,21.41,True,Kolkata,Analyst,high
61,89.5,170.3,10.57,False,Delhi,Business,low
37,51.6,161.9,24.87,False,Chennai,Engineer,low
47,63.3,172.6,9.89,False,Kolkata,Analyst,low
28,63.9,177.6,15.27,False,Kolkata,Business,low
45,90.3,184.9,34.64,False,Hyderabad,Business,low
42,51.2,175.5,10.66,False,Kolkata,Artist,low
56,56.2,180.4,5.63,False,Delhi,Teacher,medium
50,98.0,156.4,5.55,False,Bangalore,Lawyer,medium
18,60.7,168.5,37.81,False,Delhi,Teacher,low
44,89.2,150.4,21.76,False,Bangalore,Teacher,low
30,64.3,159.9,18.15,False,Kolkata,Artist,low
58,56.0,179.1,33.0,False,Kolkata,Business,low
20,64.6,189.7,33.93,False,Chennai,Business,low
56,93.3,154.0,15.29,False,Bangalore,Engineer,medium
23,101.3,166.1,28.66,False,Kolkata,Artist,low
25,99.8,182.0,31.53,False,Hyderabad,Engineer,low
44,73.8,158.2,27.22,False,Mumbai,Artist,low
26,90.1,172.2,8.61,False,Chennai,Engineer,low
54,62.3,179.3,35.41,False,Delhi,Doctor,low
50,67.6,174.6,22.95,True,Chennai,Analyst,high
59,103.8,157.5,13.45,False,Mumbai,Teacher,medium
61,50.8,164.2,18.73,False,Bangalore,Teacher,low
41,55.1,181.4,4.39,False,Delhi,Lawyer,low
32,62.5,172.2,7.73,False,Delhi,Analyst,low
49,51.6,150.2,31.33,False,Bangalore,Business,low
49,60.9,180.4,3.0,False,Pune,Lawyer,low
41,85.0,151.4,18.41,False,Pune,Doctor,low
58,75.3,179.8,22.33,False,Chennai,Lawyer,low
29,103.6,158.1,5.02,False,Kolkata,Teacher,low
56,99.0,188.3,39.0,False,Pune,Business,low
19,70.5,164.7,11.37,False,Chennai,Doctor,low
20,65.6,163.1,14.26,False,Pune,Teacher,low
54,72.8,156.0,14.25,False,Mumbai,Analyst,low
34,85.4,162.2,11.53,True,Hyderabad,Engineer,high
19,66.1,185.1,3.05,False,Kolkata,Artist,low
19,87.4,189.9,29.99,True,Chennai,Doctor,high
45,74.6,164.7,38.77,False,Hyderabad,Business,low
40,83.1,167.9,11.3,False,Hyderabad,Lawyer,low
54,76.2,178.9,27.53,False,Pune,Analyst,medium
49,67.7,185.4,30.45,False,Bangalore,Lawyer,low
50,106.9,173.7,34.39,False,Mumbai,Doctor,medium
18,95.8,165.7,18.64,False,Mumbai,Analyst,low
36,58.4,166.5,14.21,False,Mumbai,Business,low
19,102.1,177.8,15.04,False,Kolkata,Doctor,low
61,79.2,150.1,29.37,False,Delhi,Business,low
43,103.7,174.8,33.22,False,Kolkata,Lawyer,low
49,98.0,164.2,9.72,False,Chennai,Teacher,low
23,75.5,181.8,16.72,False,Hyderabad,Analyst,low
49,51.3,153.7,36.37,True,Hyderabad,Engineer,medium
21,66.1,173.5,32.85,False,Delhi,Teacher,low
28,82.5,169.2,39.44,False,Chennai,Engineer,low
34,88.0,175.7,30.91,False,Delhi,Lawyer,low
55,65.5,152.6,17.55,True,Hyderabad,Analyst,high
41,58.4,173.2,24.85,False,Pune,Teacher,low
22,100.1,172.5,27.46,True,Kolkata,Teacher,high
51,109.1,172.4,5.9,False,Mumbai,Doctor,medium
23,81.5,174.1,23.15,False,Hyderabad,Artist,low
39,60.3,177.1,29.24,False,Bangalore,Lawyer,low
28,66.3,182.2,9.19,False,Mumbai,Business,low
33,51.1,160.8,31.88,False,Hyderabad,Lawyer,low
50,104.9,183.0,24.6,True,Kolkata,Business,high
26,57.1,169.9,38.23,True,Delhi,Analyst,medium
23,84.6,153.1,4.57,False,Pune,Business,low
33,66.4,152.3,12.82,False,Pune,Engineer,low
46,83.3,163.4,25.26,False,Mumbai,Business,low
20,89.1,181.4,13.97,True,Kolkata,Business,high
37,99.8,178.3,29.43,False,Pune,Doctor,medium
53,62.4,181.5,31.08,True,Pune,Teacher,high
36,50.7,170.7,6.79,True,Chennai,Lawyer,medium
43,58.2,167.6,22.01,False,Bangalore,Lawyer,low
20,104.0,155.9,21.83,False,Mumbai,Analyst,low
36,102.4,163.1,16.66,True,Delhi,Analyst,high
37,85.8,167.4,37.52,False,Pune,Business,medium
49,86.0,153.5,33.62,True,Chennai,Artist,high
24,89.9,158.8,28.8,False,Kolkata,Lawyer,low
58,60.5,173.9,29.43,False,Pune,Analyst,low
50,104.9,179.4,20.08,True,Bangalore,Business,high
57,75.1,189.9,37.08,False,Delhi,Analyst,medium
56,73.0,187.3,28.7,False,Kolkata,Engineer,low
35,81.1,175.7,29.97,False,Kolkata,Engineer,low
57,52.8,166.8,34.88,False,Mumbai,Analyst,low
18,60.0,175.4,13.14,True,Pune,Engineer,medium
28,94.3,181.4,32.86,True,Mumbai,Analyst,high
45,55.0,154.7,10.22,False,Delhi,Business,low
42,86.2,166.4,15.78,False,Pune,Doctor,low
40,64.7,183.6,15.42,True,Hyderabad,Artist,medium
48,73.4,165.4,39.21,False,Pune,Business,low
47,67.3,172.9,34.69,True,Hyderabad,Doctor,high
59,71.3,173.5,28.94,False,Kolkata,Doctor,medium
52,93.1,157.4,29.9,False,Mumbai,Lawyer,low
24,67.8,164.5,23.8,True,Bangalore,Business,high
33,84.0,163.4,38.04,False,Pune,Business,low
43,78.6,151.0,21.36,False,Bangalore,Analyst,medium
19,89.8,151.0,17.08,False,Pune,Doctor,low
18,106.2,183.3,9.03,False,Kolkata,Doctor,low
29,94.0,160.9,32.09,False,Mumbai,Doctor,low
22,62.9,170.7,30.17,False,Delhi,Analyst,low
54,51.9,161.9,17.22,False,Delhi,Lawyer,low
49,65.7,187.6,3.93,False,Delhi,Business,low
26,85.7,160.4,34.04,False,Pune,Doctor,low
58,53.1,167.2,3.42,False,Pune,Engineer,medium
52,79.8,184.9,29.04,True,Bangalore,Business,medium
36,85.8,183.7,38.9,False,Mumbai,Analyst,low
33,70.1,157.4,19.19,False,Pune,Lawyer,low
20,96.3,182.1,11.69,False,Mumbai,Engineer,low
37,56.4,168.3,29.08,False,Bangalore,Analyst,low
41,54.5,169.3,33.23,False,Pune,Teacher,low
50,93.7,155.3,23.22,False,Delhi,Business,medium
41,79.7,153.2,38.78,False,Delhi,Teacher,low
28,91.3,179.1,4.91,True,Kolkata,Analyst,high
25,76.1,169.9,21.68,False,Hyderabad,Analyst,medium
53,64.8,167.5,29.58,False,Chennai,Analyst,low
55,99.1,179.2,34.92,False,Hyderabad,Doctor,low
57,98.0,180.6,9.63,True,Pune,Lawyer,high
37,91.7,156.4,32.6,False,Mumbai,Doctor,low
52,66.3,174.4,23.45,False,Pune,Lawyer,low
42,85.4,155.4,17.67,True,Mumbai,Artist,high
52,71.7,180.1,7.87,False,Mumbai,Doctor,low
42,55.5,176.3,35.02,False,Hyderabad,Teacher,low
46,105.0,188.3,8.82,False,Chennai,Lawyer,low
35,58.2,152.8,14.46,False,Kolkata,Doctor,low
63,107.0,152.3,13.73,False,Hyderabad,Business,medium
35,76.8,161.3,35.24,True,Chennai,Analyst,high
19,61.1,160.5,27.89,False,Delhi,Lawyer,low
52,82.5,159.9,32.48,False,Delhi,Lawyer,medium
33,102.4,186.3,12.27,False,Mumbai,Doctor,low
58,93.9,160.0,26.12,True,Bangalore,Artist,high
53,98.4,160.9,24.15,True,Pune,Doctor,high
50,89.5,180.4,33.81,False,Pune,Teacher,medium
21,91.5,168.0,36.53,False,Mumbai,Teacher,low
50,101.0,181.1,3.45,False,Bangalore,Lawyer,medium
31,65.0,152.6,27.94,False,Chennai,Lawyer,low
38,79.4,169.5,4.92,True,Delhi,Doctor,high
37,63.3,151.3,23.31,True,Pune,Teacher,high
25,109.3,152.5,13.64,False,Hyderabad,Teacher,low
24,106.6,186.3,14.35,False,Bangalore,Artist,low
20,52.4,155.6,16.06,True,Chennai,Business,medium
34,92.3,171.3,25.99,False,Delhi,Artist,low
50,105.5,166.4,15.36,False,Hyderabad,Engineer,medium
29,60.8,163.9,30.11,False,Bangalore,Analyst,low
39,84.1,186.0,17.97,False,Mumbai,Artist,low
39,104.9,150.9,5.53,False,Mumbai,Doctor,low
63,52.0,176.6,32.0,False,Mumbai,Business,low
47,91.8,188.5,13.57,False,Pune,Doctor,low
55,67.8,172.4,19.01,False,Chennai,Analyst,low
55,105.5,187.5,28.36,False,Mumbai,Engineer,low
62,108.3,152.1,15.3,False,Pune,Business,low
25,106.7,166.8,5.09,False,Kolkata,Lawyer,medium
44,78.5,160.4,16.84,False,Pune,Teacher,low
44,101.7,179.2,37.94,False,Delhi,Artist,low
51,100.7,189.3,26.74,True,Pune,Doctor,high
38,69.1,160.3,27.84,False,Chennai,Engineer,low
47,99.7,176.2,26.39,False,Hyderabad,Teacher,medium
50,52.2,157.9,10.36,False,Pune,Artist,low
45,85.8,172.6,18.48,False,Mumbai,Teacher,low
64,63.8,168.6,30.78,True,Delhi,Artist,high
50,57.2,188.9,6.75,False,Bangalore,Lawyer,low
22,54.6,174.3,13.28,True,Mumbai,Business,medium
36,91.8,164.0,13.22,False,Delhi,Teacher,low
21,70.4,154.6,18.98,False,Kolkata,Teacher,low
52,93.5,156.0,39.27,False,Bangalore,Teacher,low
34,53.9,159.0,5.5,False,Kolkata,Business,low
61,68.9,160.0,22.19,False,Hyderabad,Engineer,low
45,82.4,184.0,9.64,False,Delhi,Artist,low
47,97.4,172.4,38.92,False,Kolkata,Lawyer,medium
46,69.1,170.9,7.19,False,Hyderabad,Teacher,medium
63,87.6,154.6,17.93,False,Delhi,Analyst,low
23,103.2,184.4,30.3,False,Delhi,Business,low
52,87.0,178.9,29.07,False,Kolkata,Engineer,low
58,64.0,152.7,18.64,False,Delhi,Artist,low
54,51.5,178.3,15.82,False,Mumbai,Business,medium
41,102.2,171.7,17.71,False,Delhi,Lawyer,medium
46,51.3,153.3,12.78,False,Chennai,Lawyer,medium
63,102.5,168.3,10.6,False,Hyderabad,Artist,medium
48,81.7,169.4,20.87,False,Delhi,Teacher,low
52,106.3,156.6,12.94,False,Chennai,Lawyer,medium
50,97.9,187.8,13.64,False,Delhi,Engineer,medium
38,109.9,184.0,27.3,False,Delhi,Business,low
49,71.0,176.8,38.84,True,Kolkata,Engineer,high
40,96.0,168.5,25.33,False,Mumbai,Teacher,low
50,74.1,166.5,5.85,True,Hyderabad,Engineer,high
20,78.8,176.0,5.8,False,Mumbai,Engineer,low
35,87.7,171.8,38.2,False,Bangalore,Doctor,low
42,102.4,152.5,14.0,False,Kolkata,Engineer,low
59,109.0,170.5,6.41,False,Kolkata,Artist,medium
48,96.1,182.3,25.16,False,Mumbai,Business,medium
20,75.1,168.4,26.08,False,Pune,Doctor,low
57,75.3,152.1,26.99,False,Kolkata,Business,low
63,94.3,181.5,12.89,True,Mumbai,Business,high
41,64.3,158.1,3.56,True,Kolkata,Teacher,medium
49,56.6,160.3,38.71,False,Delhi,Teacher,medium
64,71.3,156.6,12.28,False,Mumbai,Doctor,medium
39,67.2,163.2,28.01,False,Mumbai,Lawyer,low
40,67.8,180.3,29.15,False,Chennai,Analyst,low
19,64.0,170.8,25.57,False,Kolkata,Teacher,low
44,52.5,158.2,14.58,False,Kolkata,Analyst,low
59,51.1,185.1,13.03,False,Mumbai,Teacher,low
19,109.3,185.2,25.11,False,Delhi,Teacher,low
43,75.7,184.8,35.05,False,Delhi,Business,medium
34,73.1,159.6,38.03,False,Hyderabad,Doctor,low
57,90.8,168.0,6.92,False,Delhi,Business,medium
50,63.1,189.4,8.73,False,Kolkata,Artist,low
26,107.0,180.9,37.96,False,Pune,Business,low
60,97.2,151.1,30.25,False,Chennai,Analyst,low
56,55.4,152.6,35.67,False,Mumbai,Analyst,medium
46,75.1,168.6,10.5,False,Bangalore,Artist,low
59,102.7,186.4,24.74,False,Chennai,Engineer,medium
43,106.7,171.5,28.94,False,Pune,Engineer,low
52,78.0,169.9,28.16,True,Bangalore,Artist,high
42,86.8,154.2,18.1,True,Chennai,Artist,high
41,60.0,176.3,3.57,False,Delhi,Business,low
30,109.5,182.9,24.57,False,Kolkata,Artist,low
24,63.9,165.2,12.36,True,Pune,Doctor,high
53,106.6,181.0,19.66,False,Bangalore,Engineer,medium
62,89.0,188.6,38.43,False,Pune,Engineer,low
37,86.5,158.2,17.76,False,Chennai,Lawyer,medium
18,80.8,170.9,34.07,False,Kolkata,Artist,low
25,63.8,161.5,9.98,False,Pune,Teacher,low
63,60.6,181.7,27.88,False,Bangalore,Teacher,low
33,63.2,173.1,39.15,True,Mumbai,Artist,medium
31,61.2,175.4,6.77,True,Chennai,Doctor,high
29,96.8,181.9,3.31,False,Mumbai,Teacher,low
40,71.0,165.8,19.04,True,Delhi,Lawyer,high
32,53.5,186.6,6.43,False,Mumbai,Analyst,low
45,108.1,171.3,30.69,False,Mumbai,Artist,low
51,103.0,156.3,36.84,False,Hyderabad,Doctor,medium
19,105.7,177.8,19.06,True,Chennai,Doctor,medium
49,109.7,181.7,12.57,False,Delhi,Business,medium
40,60.4,162.7,19.07,False,Mumbai,Doctor,low
39,73.8,184.3,29.77,False,Kolkata,Teacher,low
42,95.5,186.2,3.34,True,Bangalore,Analyst,high
39,91.8,161.1,24.81,False,Mumbai,Teacher,medium
39,59.2,189.3,25.69,False,Delhi,Artist,low
59,98.9,155.6,26.59,False,Mumbai,Analyst,medium
23,63.5,158.1,11.95,False,Bangalore,Artist,low
32,63.4,157.4,29.42,True,Delhi,Doctor,high
60,82.2,185.8,6.38,True,Chennai,Lawyer,high
54,85.6,176.2,10.37,False,Delhi,Engineer,medium
50,84.8,156.1,35.47,False,Chennai,Analyst,low
25,55.5,167.6,30.33,False,Delhi,Business,low
61,102.6,174.6,3.51,False,Pune,Engineer,low
61,65.9,153.3,12.19,True,Bangalore,Doctor,high
22,57.8,185.3,10.93,False,Bangalore,Doctor,low
56,103.3,182.1,13.02,False,Delhi,Engineer,medium
21,107.3,170.2,12.16,False,Pune,Business,low
23,101.7,188.7,5.31,False,Mumbai,Analyst,low
62,98.6,166.7,19.98,False,Bangalore,Analyst,medium
49,89.3,189.4,30.11,False,Chennai,Engineer,low
47,83.1,176.7,25.45,False,Chennai,Artist,medium
64,55.2,175.4,27.9,False,Kolkata,Teacher,low
52,74.5,156.6,6.0,False,Hyderabad,Lawyer,medium
57,72.4,185.3,38.21,False,Pune,Artist,medium
33,65.6,167.1,34.02,True,Hyderabad,Analyst,high
30,93.4,156.5,32.79,False,Hyderabad,Teacher,medium
59,79.8,150.5,33.45,False,Chennai,Lawyer,medium
47,54.9,172.4,37.51,False,Kolkata,Lawyer,low
36,63.2,171.1,23.14,False,Hyderabad,Lawyer,low
34,91.0,178.8,10.41,False,Hyderabad,Doctor,low
36,54.6,185.6,25.82,True,Delhi,Lawyer,medium
45,101.1,153.2,30.49,False,Delhi,Business,medium
43,79.7,179.3,30.3,False,Delhi,Engineer,low
54,78.8,157.5,22.29,False,Mumbai,Analyst,low
43,85.5,184.3,5.53,False,Hyderabad,Business,medium
40,99.5,182.8,16.73,False,Mumbai,Engineer,low
26,70.9,171.6,37.07,True,Kolkata,Artist,high
29,90.7,178.4,24.62,True,Pune,Artist,high
18,83.9,162.6,22.92,False,Chennai,Engineer,low
18,66.0,168.8,12.95,False,Hyderabad,Business,low
64,102.7,182.9,16.63,False,Chennai,Engineer,medium
51,97.8,168.4,36.13,True,Pune,Lawyer,high
49,89.5,164.3,27.66,False,Delhi,Doctor,low
42,101.0,169.8,32.13,False,Hyderabad,Analyst,low
57,102.0,183.1,19.81,False,Bangalore,Artist,medium
62,92.5,163.4,26.32,True,Mumbai,Analyst,high
18,100.2,157.0,12.19,True,Mumbai,Doctor,high
33,91.8,178.5,29.1,False,Hyderabad,Lawyer,medium
56,90.8,183.0,18.82,False,Pune,Lawyer,medium
22,87.1,154.0,19.37,False,Delhi,Artist,low
39,95.2,159.6,27.02,True,Mumbai,Artist,high
46,59.5,155.7,37.64,False,Delhi,Lawyer,low
20,102.9,163.9,5.37,False,Kolkata,Teacher,medium
29,102.3,168.0,33.52,False,Chennai,Analyst,low
43,51.8,180.0,13.82,False,Pune,Doctor,low
33,99.5,176.0,19.43,False,Bangalore,Analyst,medium
54,57.7,174.8,3.81,True,Chennai,Doctor,high
39,70.1,164.1,14.14,False,Chennai,Teacher,low
46,94.6,183.7,21.6,False,Kolkata,Business,low
31,59.6,168.9,5.08,False,Mumbai,Doctor,low
45,99.1,189.2,21.17,False,Bangalore,Analyst,low
22,99.9,175.4,37.3,False,Mumbai,Engineer,low
64,80.4,155.1,6.9,True,Hyderabad,Lawyer,high
47,50.4,177.0,31.28,False,Chennai,Lawyer,low
63,67.2,163.0,18.16,True,Hyderabad,Teacher,high
22,87.0,177.5,27.24,True,Delhi,Doctor,medium
29,108.9,152.8,12.63,False,Chennai,Business,low
33,87.9,157.0,8.9,False,Mumbai,Doctor,low
43,65.6,184.2,8.94,False,Chennai,Lawyer,low
43,88.0,159.1,5.61,False,Delhi,Artist,low
38,82.4,183.5,9.87,False,Kolkata,Engineer,low
56,96.8,161.2,27.58,False,Hyderabad,Teacher,medium
53,56.4,175.7,35.62,False,Hyderabad,Artist,low
50,95.7,177.8,33.12,False,Mumbai,Analyst,low
47,82.5,170.5,28.35,False,Chennai,Business,low
54,107.8,162.2,7.09,False,Mumbai,Artist,low
40,70.5,158.5,13.7,False,Kolkata,Analyst,low
27,88.0,151.3,14.46,False,Chennai,Artist,low
22,105.9,162.2,12.25,False,Chennai,Business,low
53,56.2,176.1,22.06,True,Mumbai,Artist,high
51,106.2,187.5,22.82,False,Mumbai,Teacher,medium
48,91.3,184.8,16.2,True,Delhi,Lawyer,high
27,54.1,180.6,16.09,False,Pune,Doctor,low
36,68.1,181.5,33.66,False,Pune,Artist,low
49,92.5,176.6,32.2,False,Kolkata,Teacher,medium
18,54.0,160.4,14.39,False,Pune,Doctor,low
22,84.9,186.3,36.81,False,Delhi,Analyst,low
62,70.8,176.8,38.25,False,Hyderabad,Doctor,low
21,87.3,172.4,15.09,False,Chennai,Analyst,low
33,52.7,154.4,16.11,False,Mumbai,Artist,low
41,102.3,167.9,21.71,True,Chennai,Teacher,high
33,108.4,168.4,37.82,True,Chennai,Lawyer,high
19,108.1,184.6,35.42,False,Bangalore,Artist,low
45,95.0,171.9,6.8,False,Hyderabad,Analyst,low
49,57.8,165.2,17.53,False,Bangalore,Business,low
44,95.5,189.1,23.47,False,Pune,Doctor,low
37,51.5,154.4,21.62,True,Chennai,Artist,high
41,51.3,166.9,10.17,True,Mumbai,Analyst,medium
29,69.4,151.7,34.78,False,Chennai,Doctor,low
52,79.3,179.6,28.05,True,Hyderabad,Analyst,high
50,96.2,186.7,34.0,False,Bangalore,Teacher,medium
50,91.0,161.2,34.77,False,Mumbai,Engineer,low
60,76.8,184.3,30.69,False,Chennai,Artist,medium
54,66.4,161.7,19.25,True,Kolkata,Lawyer,high
29,109.8,186.4,25.59,True,Hyderabad,Artist,high
20,75.6,180.2,8.93,True,Hyderabad,Doctor,medium
18,77.1,182.2,27.92,False,Kolkata,Teacher,low
50,59.8,150.7,9.63,False,Chennai,Analyst,low
57,97.7,188.5,28.68,False,Hyderabad,Business,low
27,91.6,179.1,11.5,False,Mumbai,Lawyer,low
60,63.2,162.2,7.35,False,Chennai,Teacher,medium
61,54.9,183.2,9.12,True,Chennai,Artist,high
46,90.8,161.3,3.07,False,Bangalore,Business,medium
30,89.3,184.9,29.59,False,Hyderabad,Teacher,low
29,66.4,154.5,30.1,False,Hyderabad,Engineer,medium
48,107.1,178.1,22.05,False,Kolkata,Lawyer,medium
63,59.1,171.6,8.97,False,Bangalore,Doctor,medium
19,75.9,153.9,6.09,False,Pune,Teacher,low
52,106.6,159.7,3.71,False,Bangalore,Teacher,medium
40,75.2,150.5,9.13,False,Hyderabad,Engineer,low
34,88.3,168.8,35.96,False,Chennai,Artist,low
43,73.9,162.1,11.94,False,Bangalore,Analyst,low
25,66.5,173.9,16.11,False,Kolkata,Analyst,low
46,109.0,161.9,6.9,False,Bangalore,Lawyer,medium
43,74.6,162.0,11.23,True,Kolkata,Lawyer,high
27,103.6,179.7,22.21,False,Pune,Doctor,low
43,63.8,151.9,25.49,False,Bangalore,Teacher,low
51,62.8,186.1,12.08,False,Kolkata,Business,low
58,51.9,184.1,5.14,False,Bangalore,Teacher,low
24,89.1,176.7,17.47,True,Pune,Analyst,medium
21,72.1,173.7,11.67,False,Bangalore,Doctor,low
62,101.9,185.7,11.12,True,Mumbai,Teacher,high
28,78.4,157.4,38.51,False,Kolkata,Engineer,low
46,108.1,153.2,25.8,False,Pune,Analyst,low
53,61.1,159.6,23.6,False,Kolkata,Teacher,low
42,102.1,181.8,18.38,False,Kolkata,Teacher,medium
38,96.6,151.4,18.87,False,Delhi,Analyst,low
53,96.3,173.3,23.01,False,Pune,Business,medium
27,100.7,189.8,28.77,False,Bangalore,Analyst,low
54,95.7,184.2,28.98,False,Kolkata,Engineer,low
26,87.6,170.9,9.35,False,Hyderabad,Engineer,low
41,57.9,152.5,21.5,False,Delhi,Teacher,low
52,52.0,183.3,18.24,True,Mumbai,Lawyer,high
52,105.3,174.0,35.21,False,Kolkata,Business,medium
53,87.0,154.6,26.36,False,Kolkata,Teacher,low
35,97.8,153.8,22.7,False,Delhi,Analyst,low
56,78.9,186.4,7.27,True,Bangalore,Teacher,high
49,57.0,176.8,25.41,False,Hyderabad,Doctor,low
41,57.5,183.2,7.34,False,Mumbai,Doctor,low
40,91.1,185.2,15.48,True,Kolkata,Lawyer,high
49,75.8,172.9,8.29,False,Bangalore,Business,medium
54,62.0,170.7,28.61,False,Pune,Artist,medium
29,79.5,167.2,10.63,False,Hyderabad,Doctor,low
30,53.9,162.7,17.5,False,Pune,Artist,low
40,84.9,167.4,36.14,False,Hyderabad,Engineer,medium
42,66.1,181.0,10.56,True,Mumbai,Doctor,high
52,97.9,174.1,21.79,False,Chennai,Doctor,medium
58,68.6,185.7,18.51,False,Hyderabad,Business,medium
47,77.3,167.7,3.67,False,Chennai,Lawyer,low
34,50.7,174.3,32.33,False,Pune,Artist,low
37,54.3,175.3,5.55,False,Hyderabad,Analyst,low
42,73.5,173.7,20.55,False,Mumbai,Doctor,medium
39,78.8,178.1,23.75,True,Delhi,Doctor,high
30,86.0,159.5,26.25,False,Mumbai,Business,low
36,67.5,170.5,28.48,False,Mumbai,Business,low
53,91.7,154.2,12.37,False,Delhi,Lawyer,low
29,101.6,165.4,3.37,False,Delhi,Artist,low
58,96.8,169.5,29.77,True,Bangalore,Engineer,high
36,52.4,176.1,22.82,False,Hyderabad,Analyst,low
29,78.8,188.0,33.94,False,Pune,Lawyer,low
26,56.3,174.0,33.39,False,Bangalore,Engineer,low
24,64.5,179.7,34.2,False,Delhi,Teacher,low
45,109.2,170.3,20.95,False,Chennai,Doctor,medium
31,58.5,175.4,15.34,True,Pune,Artist,high
48,79.9,152.8,32.29,False,Chennai,Lawyer,low
36,87.1,160.2,19.7,True,Mumbai,Doctor,medium
64,92.1,164.5,9.79,False,Kolkata,Artist,medium
33,83.6,168.9,34.63,False,Mumbai,Artist,low
22,50.6,151.8,35.65,True,Mumbai,Artist,high
52,69.6,155.6,20.25,False,Kolkata,Doctor,low
29,81.1,161.1,5.8,False,Hyderabad,Lawyer,low
42,55.3,188.9,17.35,False,Delhi,Analyst,low
38,71.0,163.3,32.73,False,Chennai,Business,low
53,52.0,169.3,36.37,False,Mumbai,Doctor,low
40,54.7,157.8,10.53,False,Kolkata,Artist,low
33,73.8,174.4,5.48,False,Bangalore,Lawyer,medium
56,58.0,161.2,35.46,True,Mumbai,Analyst,high
62,84.1,158.3,17.41,False,Chennai,Teacher,medium
59,91.4,170.7,23.05,False,Delhi,Engineer,low
56,98.0,150.2,38.82,False,Mumbai,Artist,medium
31,62.0,150.3,5.46,False,Mumbai,Teacher,low
48,60.0,158.8,26.99,True,Hyderabad,Business,high
22,56.3,151.5,5.74,True,Kolkata,Analyst,medium
52,88.2,154.3,16.89,False,Bangalore,Analyst,medium
40,92.4,163.6,32.74,False,Bangalore,Artist,low
46,51.9,182.1,19.04,True,Pune,Analyst,medium
60,106.2,172.9,39.9,False,Delhi,Teacher,medium
28,53.1,170.5,23.69,False,Pune,Artist,low
35,82.5,161.7,14.88,False,Chennai,Doctor,low
64,92.5,187.3,11.14,False,Delhi,Lawyer,medium
29,102.3,165.9,15.97,True,Mumbai,Teacher,high
26,92.8,153.5,16.78,False,Mumbai,Lawyer,low
27,98.1,174.7,5.54,False,Bangalore,Doctor,low
61,70.4,154.6,16.67,False,Chennai,Doctor,medium
34,98.9,163.8,20.18,False,Kolkata,Lawyer,low
55,54.8,170.3,29.74,False,Chennai,Teacher,low
24,103.7,185.0,27.3,False,Mumbai,Lawyer,low
63,82.9,169.7,29.22,True,Kolkata,Lawyer,high
30,99.0,178.1,3.31,False,Chennai,Engineer,low
57,77.1,189.7,11.05,False,Chennai,Teacher,low
59,88.6,155.3,27.48,True,Kolkata,Engineer,high
26,81.6,161.0,20.91,False,Mumbai,Artist,low
44,93.9,165.8,3.2,True,Chennai,Analyst,high
19,54.9,166.9,32.77,False,Kolkata,Lawyer,low
22,53.6,166.4,31.59,False,Hyderabad,Artist,low
46,64.8,186.3,23.29,False,Hyderabad,Teacher,low
54,59.6,178.6,5.46,False,Mumbai,Lawyer,medium
55,102.3,174.3,31.36,False,Kolkata,Analyst,medium
36,63.2,162.4,24.6,False,Hyderabad,Artist,low
25,108.6,183.0,31.93,False,Kolkata,Business,low
62,70.2,188.2,30.81,False,Chennai,Doctor,medium
18,60.9,182.8,32.71,True,Mumbai,Lawyer,medium
39,97.4,150.1,22.17,False,Hyderabad,Analyst,low
34,89.5,175.5,8.19,True,Pune,Doctor,high
24,79.9,152.0,27.83,False,Chennai,Engineer,low
42,83.3,160.3,25.96,False,Pune,Artist,low
62,93.2,152.4,30.46,True,Pune,Engineer,high
21,63.7,174.2,9.29,False,Delhi,Analyst,low
53,109.8,177.5,10.21,False,Delhi,Lawyer,medium
23,108.5,154.6,35.95,False,Mumbai,Doctor,low
48,89.0,165.4,30.75,True,Hyderabad,Doctor,high
36,62.0,168.2,36.6,False,Hyderabad,Artist,low
61,90.8,164.8,31.07,False,Hyderabad,Lawyer,medium
56,54.3,154.8,25.09,False,Kolkata,Business,medium
44,51.8,166.8,27.2,False,Chennai,Business,low
27,65.5,180.0,35.9,False,Hyderabad,Artist,low
43,77.8,152.8,24.42,True,Chennai,Lawyer,high
36,102.1,153.2,26.4,False,Mumbai,Artist,low
56,93.6,164.2,8.79,False,Pune,Lawyer,low
20,94.6,187.7,20.54,False,Hyderabad,Analyst,medium
62,75.5,176.7,29.51,False,Mumbai,Analyst,medium
30,70.8,177.1,13.02,False,Hyderabad,Engineer,low
45,72.3,164.5,10.48,False,Delhi,Artist,low
37,109.3,173.7,14.61,False,Bangalore,Lawyer,low
45,52.4,150.4,11.94,False,Mumbai,Business,low
25,102.0,175.4,10.95,False,Hyderabad,Lawyer,low
58,84.7,186.5,18.72,False,Bangalore,Analyst,medium
56,76.3,174.5,36.59,False,Mumbai,Lawyer,medium
18,93.5,184.9,21.76,False,Kolkata,Artist,low
20,79.2,179.0,9.95,False,Hyderabad,Engineer,low
30,102.4,154.8,5.85,False,Kolkata,Engineer,low
45,104.0,186.1,28.76,False,Delhi,Engineer,low
42,75.3,152.7,17.16,False,Hyderabad,Engineer,low
50,66.6,171.4,33.41,False,Pune,Analyst,medium
55,85.5,155.7,27.4,True,Delhi,Teacher,high
23,104.7,150.5,32.46,True,Bangalore,Artist,high
61,62.6,166.9,13.06,False,Mumbai,Doctor,low
62,87.4,161.8,28.62,False,Chennai,Artist,medium
49,87.9,169.4,12.77,False,Delhi,Teacher,medium
62,94.0,173.1,37.75,False,Chennai,Engineer,low
64,57.9,151.7,26.55,False,Chennai,Teacher,low
38,92.9,154.9,15.01,True,Mumbai,Business,high
33,104.5,172.3,12.97,False,Bangalore,Business,low
38,60.8,163.7,10.06,True,Mumbai,Analyst,high
28,64.3,179.2,28.7,True,Hyderabad,Artist,high
54,108.3,176.1,11.09,False,Delhi,Artist,medium
53,60.9,183.8,25.03,False,Chennai,Doctor,low
52,101.3,177.7,12.79,True,Mumbai,Analyst,high
36,79.5,167.2,27.49,False,Mumbai,Doctor,low
37,64.8,176.9,33.15,False,Mumbai,Business,low
35,102.2,161.0,31.79,False,Delhi,Engineer,medium
64,76.7,162.3,31.15,False,Bangalore,Teacher,medium
58,80.9,181.6,9.95,False,Pune,Doctor,medium
31,71.6,167.9,6.27,True,Mumbai,Lawyer,high
32,85.6,181.9,28.86,False,Delhi,Doctor,low
48,59.8,182.9,16.63,True,Chennai,Engineer,high
18,73.5,184.3,19.0,True,Hyderabad,Engineer,medium
20,108.2,186.7,4.15,False,Pune,Artist,low
33,65.5,167.2,12.6,False,Kolkata,Teacher,low
40,89.4,162.8,4.25,False,Pune,Engineer,low
28,69.5,173.3,35.53,False,Pune,Analyst,low
29,96.4,164.8,12.01,False,Delhi,Doctor,low
27,57.9,174.0,23.62,True,Kolkata,Doctor,high
49,108.2,178.2,4.44,True,Mumbai,Business,high
33,77.2,177.5,27.67,True,Mumbai,Engineer,high
25,64.2,165.0,14.95,True,Pune,Lawyer,high
55,54.4,156.7,36.22,False,Delhi,Artist,medium
29,60.2,167.2,35.86,False,Kolkata,Teacher,low
41,81.2,155.7,15.04,True,Mumbai,Lawyer,high
45,70.2,185.6,36.34,False,Chennai,Artist,low
25,99.7,163.8,39.86,False,Bangalore,Doctor,low
45,75.9,156.2,33.54,False,Bangalore,Lawyer,low
53,64.9,151.0,34.26,True,Mumbai,Artist,high
43,87.0,175.8,12.21,True,Kolkata,Doctor,medium
25,92.4,175.5,24.34,True,Hyderabad,Doctor,high
45,60.0,163.6,5.49,True,Mumbai,Doctor,high
45,60.1,152.9,6.51,False,Hyderabad,Doctor,low
54,52.2,166.4,39.96,False,Hyderabad,Analyst,low
58,94.2,162.4,15.09,False,Kolkata,Doctor,low
53,89.8,177.1,30.68,False,Hyderabad,Business,low
44,78.5,174.2,32.85,False,Chennai,Lawyer,medium
34,100.7,164.6,34.75,False,Kolkata,Artist,low
26,98.3,158.7,39.91,True,Mumbai,Business,medium
50,85.1,189.5,11.94,False,Pune,Analyst,medium
37,102.1,168.2,4.49,False,Chennai,Business,low
30,62.4,177.5,18.21,True,Delhi,Engineer,high
45,56.7,155.6,7.81,True,Bangalore,Engineer,medium
46,66.2,169.4,3.83,False,Mumbai,Engineer,low
30,53.4,151.1,16.34,False,Mumbai,Teacher,low
63,81.9,170.2,32.0,False,Mumbai,Engineer,medium
52,106.2,188.6,23.95,False,Chennai,Artist,low
23,52.4,165.4,14.57,False,Delhi,Business,low
35,57.3,151.6,27.21,True,Pune,Artist,high
22,77.1,151.2,11.58,False,Kolkata,Lawyer,low
64,106.0,165.5,3.53,True,Delhi,Engineer,high
42,69.0,156.4,31.28,True,Chennai,Analyst,high
19,80.4,150.9,26.08,False,Mumbai,Teacher,low
27,52.5,180.2,31.21,False,Bangalore,Lawyer,low
47,58.9,168.3,4.44,False,Mumbai,Analyst,low
62,109.2,161.6,33.97,False,Kolkata,Teacher,medium
22,107.9,186.0,25.92,False,Hyderabad,Lawyer,low
50,50.3,154.6,23.85,False,Bangalore,Business,low
18,107.1,188.2,26.11,True,Mumbai,Artist,high
35,88.3,162.6,34.98,True,Pune,Doctor,high
49,102.1,185.5,24.72,False,Bangalore,Artist,low
64,77.3,174.1,24.5,False,Hyderabad,Engineer,medium
28,80.9,183.1,39.66,False,Delhi,Analyst,low
38,79.3,189.4,31.0,False,Chennai,Doctor,low
43,90.0,161.5,19.36,False,Mumbai,Teacher,low
42,58.4,188.4,29.17,True,Kolkata,Business,high
39,51.8,165.6,17.4,False,Delhi,Business,low
44,68.5,165.4,11.47,False,Mumbai,Teacher,low
30,92.3,163.6,25.08,False,Delhi,Engineer,low
50,62.1,171.7,37.34,False,Kolkata,Teacher,medium
51,90.4,156.2,37.38,False,Mumbai,Lawyer,medium
58,108.2,172.1,15.65,False,Hyderabad,Analyst,low
52,55.6,171.7,22.52,False,Hyderabad,Analyst,low
18,90.4,180.5,10.83,False,Kolkata,Engineer,low
38,76.6,183.3,39.84,False,Bangalore,Doctor,low
23,102.1,167.6,39.3,False,Kolkata,Teacher,low
45,60.6,162.1,27.03,False,Bangalore,Engineer,low
34,91.6,160.4,32.76,True,Mumbai,Analyst,high
22,100.3,157.8,29.46,False,Bangalore,Doctor,low
48,106.7,152.3,24.95,False,Mumbai,Teacher,medium
22,91.0,163.7,4.97,False,Mumbai,Business,low
55,79.8,160.8,19.83,False,Pune,Teacher,medium
20,87.1,188.7,27.97,False,Chennai,Artist,low
40,102.1,172.3,28.07,False,Mumbai,Teacher,low
54,84.2,163.9,16.81,False,Bangalore,Artist,medium
54,51.8,173.2,37.84,False,Chennai,Doctor,low
27,105.9,155.6,9.19,True,Chennai,Teacher,high
27,91.4,167.8,21.51,False,Mumbai,Doctor,medium
36,90.6,175.0,28.56,True,Kolkata,Doctor,high
34,62.9,169.6,28.79,False,Kolkata,Analyst,medium
38,89.5,166.1,27.0,False,Hyderabad,Engineer,medium
31,73.6,189.8,13.19,False,Chennai,Doctor,medium
26,89.1,185.2,8.78,False,Mumbai,Doctor,low
63,56.4,174.9,26.53,False,Pune,Analyst,low
18,89.5,172.8,25.17,True,Kolkata,Analyst,medium
62,110.0,174.8,9.64,False,Pune,Teacher,medium
30,52.9,158.1,29.09,False,Mumbai,Analyst,low
21,108.6,165.8,19.84,True,Mumbai,Teacher,high
18,74.4,151.6,27.71,True,Chennai,Business,medium
57,102.2,169.0,33.98,False,Pune,Analyst,medium
49,96.9,171.7,9.28,False,Hyderabad,Engineer,medium
51,84.0,159.1,3.71,False,Chennai,Doctor,low
45,94.3,188.6,31.83,False,Delhi,Engineer,low
48,102.7,186.4,25.56,False,Pune,Artist,medium
25,74.2,178.9,28.89,False,Kolkata,Analyst,low
56,69.6,171.3,34.01,False,Kolkata,Doctor,low
43,90.1,184.8,32.7,False,Kolkata,Engineer,medium
51,98.5,155.2,38.55,False,Bangalore,Analyst,medium
20,95.7,181.6,22.83,False,Mumbai,Analyst,low
29,97.9,155.0,21.07,False,Chennai,Business,low
18,76.1,181.8,17.87,False,Kolkata,Business,low
61,99.1,161.0,8.69,True,Delhi,Doctor,high
22,57.2,185.1,24.19,False,Kolkata,Artist,low
47,82.7,187.8,13.25,False,Hyderabad,Business,low
47,50.3,156.0,37.09,False,Mumbai,Business,low
34,69.5,168.5,24.58,False,Pune,Artist,low
64,72.0,189.2,24.94,False,Mumbai,Engineer,low
40,73.8,169.3,16.13,True,Pune,Business,high
32,91.7,184.5,4.92,False,Pune,Teacher,medium
54,73.3,173.5,4.17,False,Chennai,Lawyer,medium
38,76.9,165.0,18.66,False,Bangalore,Lawyer,low
31,64.3,161.4,6.13,False,Pune,Business,low
19,72.4,158.1,25.45,False,Pune,Engineer,low
28,63.6,180.5,35.6,False,Chennai,Analyst,low
56,54.4,165.5,35.67,False,Kolkata,Engineer,low
55,86.2,170.5,27.38,False,Hyderabad,Doctor,medium
51,90.1,169.7,10.82,False,Delhi,Teacher,medium
55,87.2,173.1,34.93,False,Chennai,Engineer,low
51,77.8,184.6,35.79,True,Bangalore,Artist,high
35,72.8,189.2,10.28,False,Chennai,Teacher,low
47,101.8,166.3,30.28,False,Mumbai,Lawyer,medium
32,81.1,183.1,13.6,False,Kolkata,Teacher,low
44,78.8,180.6,32.7,False,Kolkata,Artist,low
51,51.5,172.9,39.9,False,Pune,Business,low
55,70.5,188.2,4.11,True,Kolkata,Artist,high
50,72.8,158.0,36.2,False,Kolkata,Artist,low
41,73.9,154.4,26.04,False,Kolkata,Business,low
32,84.8,184.2,39.02,False,Kolkata,Business,low
47,82.0,167.6,20.21,True,Delhi,Business,high
59,86.5,183.9,34.35,False,Bangalore,Business,medium
34,95.9,185.7,5.31,False,Pune,Business,low
22,98.8,152.5,15.41,True,Kolkata,Artist,medium
46,93.1,185.3,5.48,False,Pune,Doctor,low
21,107.3,167.9,39.09,True,Bangalore,Doctor,high
27,51.1,170.4,33.23,False,Hyderabad,Engineer,low
34,61.7,175.1,34.54,False,Kolkata,Doctor,low
27,50.5,187.1,37.7,False,Pune,Lawyer,low
34,88.8,150.8,6.15,False,Chennai,Doctor,medium
37,103.9,169.1,17.27,False,Pune,Artist,medium
41,64.6,177.5,5.63,True,Kolkata,Business,high
22,105.6,178.9,10.8,True,Mumbai,Business,high
51,53.6,177.7,11.49,False,Delhi,Analyst,medium
23,106.1,155.4,20.36,False,Chennai,Analyst,low
19,71.1,162.0,12.94,False,Chennai,Analyst,low
30,56.1,164.3,6.74,False,Mumbai,Artist,low
60,79.2,182.2,9.2,False,Kolkata,Lawyer,medium
60,65.4,161.2,8.45,False,Delhi,Doctor,low
28,67.1,158.4,39.0,False,Chennai,Artist,low
64,68.4,188.3,31.09,False,Delhi,Engineer,low
40,98.2,150.4,38.81,False,Chennai,Business,medium
33,82.3,189.9,19.27,True,Kolkata,Analyst,high
48,68.7,177.1,13.3,False,Hyderabad,Teacher,low
28,86.6,183.1,32.54,True,Chennai,Engineer,medium
33,93.0,161.8,15.07,False,Hyderabad,Analyst,low
25,66.4,150.6,14.08,False,Chennai,Lawyer,low
21,74.8,179.5,11.6,False,Bangalore,Engineer,low
57,57.3,183.4,7.8,False,Kolkata,Artist,low
21,60.9,179.6,12.49,False,Mumbai,Doctor,low
42,90.9,155.7,16.15,False,Hyderabad,Business,medium
20,60.9,180.1,27.94,True,Mumbai,Lawyer,high
49,81.5,180.8,5.31,True,Kolkata,Lawyer,high
20,92.5,176.3,10.79,True,Pune,Teacher,medium
44,56.4,180.6,32.93,False,Mumbai,Engineer,low
46,84.0,183.8,8.44,False,Kolkata,Teacher,low
49,65.4,174.5,15.68,False,Mumbai,Doctor,low
36,107.8,153.5,34.99,False,Hyderabad,Analyst,medium
38,79.0,169.5,8.73,False,Bangalore,Doctor,low
22,98.4,153.1,6.06,True,Mumbai,Analyst,medium
35,83.0,166.3,20.93,False,Hyderabad,Teacher,low
45,52.6,166.3,14.19,False,Chennai,Business,low
59,88.0,152.6,23.85,False,Kolkata,Doctor,low
39,107.1,164.0,32.74,False,Delhi,Teacher,low
38,86.1,154.4,8.07,True,Pune,Engineer,medium
23,99.2,182.3,24.49,True,Delhi,Teacher,high
18,103.1,187.9,21.7,False,Kolkata,Teacher,low
22,63.7,152.9,8.33,False,Bangalore,Artist,low
58,62.7,188.2,26.09,False,Mumbai,Doctor,low
29,86.7,170.9,13.12,False,Bangalore,Business,low
43,74.7,162.0,21.05,False,Delhi,Business,medium
63,100.4,153.1,6.04,False,Pune,Artist,medium
51,104.0,170.0,20.0,False,Hyderabad,Analyst,medium
31,71.2,181.8,14.34,False,Pune,Lawyer,low
43,64.2,178.3,33.43,False,Kolkata,Analyst,low
62,96.8,152.0,5.11,False,Kolkata,Business,medium
44,66.5,152.9,18.49,True,Bangalore,Teacher,high
26,99.4,166.1,19.96,False,Hyderabad,Artist,low
43,75.4,161.8,29.83,False,Bangalore,Engineer,medium
64,90.1,159.3,24.25,False,Mumbai,Doctor,medium
39,55.7,161.2,27.69,False,Chennai,Doctor,low
64,87.4,182.1,31.75,True,Hyderabad,Doctor,high
47,77.1,187.2,34.9,False,Chennai,Teacher,medium
60,85.2,166.2,14.61,False,Pune,Engineer,low
34,60.1,186.2,22.91,False,Mumbai,Artist,low
43,94.2,162.9,34.08,False,Chennai,Artist,medium
53,101.8,169.1,39.61,False,Delhi,Doctor,low
18,63.0,159.0,35.91,False,Pune,Engineer,low
25,55.7,175.6,16.74,False,Chennai,Engineer,low
52,51.4,189.2,10.22,False,Mumbai,Engineer,low
32,88.5,174.1,21.11,False,Chennai,Business,low
64,86.4,164.3,30.44,False,Kolkata,Business,medium
39,82.8,175.9,21.23,False,Bangalore,Doctor,low
31,63.9,154.9,20.88,False,Delhi,Engineer,low
43,73.5,185.5,34.01,False,Kolkata,Lawyer,medium
45,85.7,170.1,16.37,False,Kolkata,Engineer,low
40,79.8,168.0,34.81,False,Mumbai,Artist,low
31,109.3,173.4,18.05,False,Bangalore,Artist,medium
41,58.2,175.0,15.14,False,Bangalore,Doctor,low
19,91.7,152.9,19.8,False,Hyderabad,Lawyer,low
62,74.3,177.3,31.21,True,Pune,Engineer,high
43,75.7,159.7,7.66,False,Delhi,Analyst,low
31,93.1,178.6,10.27,False,Pune,Lawyer,low
24,91.5,182.9,38.2,False,Mumbai,Doctor,low
20,109.5,182.2,9.49,False,Delhi,Artist,medium
64,57.7,172.1,24.01,False,Hyderabad,Analyst,low
40,56.2,170.8,24.43,False,Chennai,Artist,low
63,93.5,155.7,21.12,False,Kolkata,Business,low
60,84.7,181.0,26.86,False,Delhi,Doctor,medium
64,66.4,160.9,11.5,False,Pune,Doctor,low
62,54.8,169.9,23.45,False,Kolkata,Engineer,medium
35,55.1,161.4,16.77,False,Mumbai,Engineer,low
55,103.7,155.4,27.48,False,Pune,Business,medium
52,61.5,175.2,8.23,True,Chennai,Analyst,high
32,69.4,152.2,24.12,False,Mumbai,Teacher,low
42,63.6,179.9,9.86,False,Chennai,Lawyer,low
54,71.3,162.7,13.31,False,Chennai,Teacher,low
45,54.2,150.0,11.09,False,Kolkata,Teacher,low
27,81.1,170.4,9.76,False,Mumbai,Doctor,low
56,54.1,151.9,33.55,False,Mumbai,Lawyer,low
34,98.0,161.0,13.57,True,Delhi,Doctor,high
56,64.0,178.3,37.3,False,Pune,Lawyer,low
39,82.4,152.5,38.89,False,Mumbai,Artist,low
43,102.8,183.6,24.14,False,Delhi,Doctor,low
61,89.1,150.2,8.29,True,Bangalore,Doctor,high
42,82.0,159.9,16.86,False,Bangalore,Doctor,low
34,69.5,179.6,32.52,True,Bangalore,Analyst,medium
30,70.0,162.7,16.59,False,Hyderabad,Business,medium
37,90.2,154.1,6.22,False,Mumbai,Doctor,low
42,109.6,164.4,23.6,False,Hyderabad,Engineer,low
21,89.7,160.8,34.27,False,Pune,Engineer,low
27,83.5,183.7,32.45,False,Mumbai,Lawyer,low
20,93.8,162.5,9.48,False,Delhi,Artist,low
58,77.9,181.6,27.89,False,Hyderabad,Business,medium
62,53.6,185.7,11.16,False,Hyderabad,Analyst,medium
35,83.7,167.4,11.07,True,Pune,Lawyer,medium
64,107.5,186.4,35.34,False,Hyderabad,Engineer,medium
53,60.5,165.1,12.24,False,Chennai,Business,low
64,91.4,188.6,12.74,False,Delhi,Business,low
39,62.1,153.6,3.02,False,Bangalore,Artist,low
51,82.1,177.5,35.21,False,Delhi,Business,low
64,55.8,169.8,32.33,False,Chennai,Doctor,medium
25,77.0,165.5,26.21,False,Pune,Business,low
57,95.4,175.3,30.76,True,Pune,Artist,high
61,70.9,178.2,8.63,False,Mumbai,Lawyer,low
36,89.9,150.2,19.96,False,Delhi,Artist,medium
59,97.7,156.7,16.0,False,Pune,Analyst,medium
58,105.6,178.5,6.47,True,Hyderabad,Artist,high
54,64.1,176.7,20.99,False,Pune,Engineer,low
23,74.0,188.6,37.07,False,Pune,Doctor,low
43,59.1,180.4,4.48,False,Pune,Engineer,low
51,109.5,188.0,13.78,False,Pune,Lawyer,low
62,105.6,178.1,10.68,False,Bangalore,Teacher,medium
23,82.4,161.9,11.81,False,Bangalore,Lawyer,low
54,100.5,154.2,36.61,False,Mumbai,Doctor,medium
50,81.3,181.3,20.32,False,Pune,Business,medium
39,87.4,175.8,20.25,True,Delhi,Artist,high
38,55.3,151.9,31.14,False,Chennai,Teacher,low
23,95.3,164.4,8.72,False,Mumbai,Doctor,low
23,57.7,188.3,21.03,False,Delhi,Engineer,low
21,99.6,170.0,18.91,False,Pune,Artist,medium
47,96.9,167.3,25.09,False,Kolkata,Lawyer,medium
28,92.5,168.3,39.98,True,Pune,Engineer,medium
47,52.2,158.4,31.47,True,Bangalore,Doctor,medium
48,68.2,164.7,17.72,False,Chennai,Doctor,low
41,65.8,164.8,33.62,False,Hyderabad,Lawyer,low
26,71.6,152.1,9.32,False,Chennai,Teacher,low
20,55.3,180.7,4.13,False,Hyderabad,Lawyer,low
48,106.2,166.7,10.56,True,Chennai,Business,high
57,83.2,182.9,15.6,False,Bangalore,Engineer,low
54,68.3,184.0,21.89,False,Hyderabad,Teacher,medium
53,73.8,158.5,25.76,True,Delhi,Artist,high
41,76.8,176.3,36.69,False,Hyderabad,Analyst,medium
48,86.0,168.9,21.86,False,Mumbai,Business,medium
23,80.9,185.2,21.55,False,Delhi,Teacher,low
19,105.2,158.6,4.86,False,Mumbai,Analyst,low
37,79.8,177.1,4.29,False,Pune,Analyst,low
45,109.5,174.3,23.39,False,Chennai,Engineer,medium
28,101.1,161.8,19.21,False,Delhi,Doctor,medium
21,62.5,155.5,34.05,True,Chennai,Artist,medium
32,105.8,176.1,8.95,False,Pune,Lawyer,medium
23,57.0,179.5,3.92,False,Kolkata,Engineer,low
47,99.0,162.6,19.61,False,Chennai,Business,medium
55,72.8,175.8,11.79,False,Pune,Analyst,low
19,102.7,165.8,4.84,False,Chennai,Business,low
32,102.1,178.5,29.81,False,Pune,Analyst,low
28,98.4,158.0,7.13,True,Mumbai,Doctor,high
25,97.4,185.6,25.51,False,Pune,Doctor,low
43,68.3,161.5,13.4,False,Hyderabad,Artist,low
62,54.9,164.7,9.42,True,Kolkata,Lawyer,high
61,74.2,152.3,17.05,False,Chennai,Artist,medium
22,60.4,154.5,32.65,False,Pune,Doctor,low
23,91.7,170.6,17.51,False,Pune,Doctor,low
43,70.8,160.7,30.78,False,Chennai,Business,low
21,108.5,183.4,7.64,False,Kolkata,Doctor,low
36,88.5,150.6,31.59,False,Kolkata,Teacher,low
37,99.3,165.2,11.77,False,Pune,Analyst,low
50,58.0,163.5,28.06,False,Delhi,Engineer,medium
37,101.7,150.8,23.93,False,Mumbai,Doctor,low
29,105.4,155.0,37.38,True,Kolkata,Artist,high
64,79.2,166.5,17.33,True,Kolkata,Lawyer,high
18,86.4,169.7,5.45,False,Bangalore,Analyst,low
43,95.9,166.2,3.71,False,Hyderabad,Analyst,low
31,60.5,171.2,33.59,False,Kolkata,Lawyer,medium
55,80.2,173.8,22.42,False,Mumbai,Lawyer,low
54,73.9,150.4,31.68,False,Hyderabad,Analyst,low
28,58.8,168.6,11.67,False,Hyderabad,Teacher,low
53,72.1,188.5,15.77,False,Chennai,Artist,low
30,54.1,170.8,4.11,False,Chennai,Teacher,low
60,51.5,177.1,38.58,False,Chennai,Doctor,low
20,58.1,162.5,27.71,False,Chennai,Engineer,low
50,107.8,181.0,37.53,True,Bangalore,Lawyer,high
23,83.0,180.9,12.82,False,Kolkata,Artist,low
27,107.9,170.9,25.62,False,Chennai,Lawyer,low
22,75.9,189.0,28.1,True,Pune,Teacher,medium
40,68.7,155.0,14.75,False,Delhi,Business,low
27,80.4,150.7,34.38,False,Chennai,Doctor,low
61,76.4,180.8,38.04,False,Kolkata,Engineer,medium
19,56.3,182.3,35.74,False,Chennai,Doctor,low
